"year","variable","polygon","area","mean.sample","sd.sample","n","mean","sd","lowerCI","upperCI","mean.CV","mad.CV","sd.CV"
1990,"n_instar_4_imm","gulf",57842.8460132939,85106.1188789227,231920.774457723,161,86228.3412159317,18692.5084807721,55369.3806325484,128258.611095199,0.0557295929574101,2.17972997139121,4.14988868335902
1990,"n_instar_5_imm","gulf",57842.8460132939,523609.811393542,1893873.47217331,161,489066.795537445,168650.79069948,239687.264710143,891854.279242831,0.563025684964974,13.6074632372089,34.9599134904007
1990,"n_instar_6_imm","gulf",57842.8460132939,3850629.83992263,15543038.1579747,161,3028547.40852442,1270699.71321476,1268402.7893497,6148775.12534278,1.23925066642397,99.0057827682292,269.02859443079
1990,"n_instar_7_imm","gulf",57842.8460132939,21491850.7629195,110319785.876355,161,31681944.5314283,8660279.61227927,18057867.4602614,51720371.6077559,6.08851988164466,634.329945111407,2002.31184663166
1990,"n_instar_8_imm","gulf",57842.8460132939,54024559.4434959,207358111.654221,161,66118357.149186,16704378.2352409,39368911.6776069,104380401.966609,47.1553063629488,1538.12884096537,3634.33489065468
1990,"n_instar_9_imm","gulf",57842.8460132939,1629480.55273755,5888703.01632678,161,1314867.92198256,481220.790012167,616306.855185574,2473862.22122521,1.1200123673402,46.8121235894881,103.69256908761
1990,"n_instar_10_imm","gulf",57842.8460132939,20484.8000429049,54683.4172758581,161,20587.5573952095,4409.07786118254,13292.6492376613,30487.532370705,0.0126139104667898,0.521719807721645,0.978018536647102
1990,"n_instar_8_pub","gulf",57842.8460132939,7373671.5030438,15578841.4656866,161,7378302.4281151,1500121.94804522,4873578.52931106,10726884.0561883,-2.24472307300921,144.071660281596,282.900917699739
1990,"n_instar_9_pub","gulf",57842.8460132939,119929253.629506,337397851.67608,161,97469771.9245718,24575416.4255885,58098941.9763525,153746422.80152,-43.3820116878866,2561.25114824447,5699.41645893838
1990,"n_instar_10_pub","gulf",57842.8460132939,40566030.9590991,195112636.18644,161,37769991.9630515,NA,NA,NA,-43.1118775035287,973.961567995458,3395.80424758882
1990,"n_instar_9_mat","gulf",57842.8460132939,64459187.7147647,174159104.897979,161,61606372.9130869,17373242.3630589,34478156.4968274,101970380.306226,-69.6911328792292,1329.9607271415,2956.63571188506
1990,"n_instar_10_mat","gulf",57842.8460132939,279264584.897316,602513502.900612,161,303760120.199972,NA,NA,NA,-247.227364058874,4037.1891498754,7770.62767853616
1990,"n_instar_11_mat","gulf",57842.8460132939,206505086.1302,727994915.663676,161,131071486.797058,NA,NA,NA,-139.092976232585,4639.94973278529,11584.3337798083
1991,"n_instar_4_imm","gulf",57842.8460132939,55306.3869305396,137279.095093211,177,50279.7124469684,11171.4788920489,31921.0552278919,75471.1510875892,-0.00510431199145435,1.20550660654258,2.23465807789372
1991,"n_instar_5_imm","gulf",57842.8460132939,183747.264290606,407973.308493357,177,165844.191582676,32426.7890792552,111347.449723787,237917.599989029,-0.00154408239832508,3.83000064318431,6.56245236422948
1991,"n_instar_6_imm","gulf",57842.8460132939,6090174.19364402,19368509.6529529,177,7144093.20331644,1553365.80358722,4581098.94523591,10638069.7803572,6.35313576080808,162.893687587978,344.885821833249
1991,"n_instar_7_imm","gulf",57842.8460132939,17677521.3901309,60478913.5761207,177,17736186.8641569,5058328.29662487,9859356.04068246,29506010.6256644,-0.627337010684045,432.929532801657,1037.77227438271
1991,"n_instar_8_imm","gulf",57842.8460132939,9803826.32197851,45401223.6013937,177,11478234.2933996,3620112.63920685,5986349.94742895,20017254.7299195,-19.5315594895582,241.824645334891,806.153648951292
1991,"n_instar_9_imm","gulf",57842.8460132939,1095544.38765501,7118032.77535369,177,803089.713622823,551468.162639017,195806.800819509,2238361.01857687,3.28285524937749,31.6276055680685,125.313789230865
1991,"n_instar_10_imm","gulf",57842.8460132939,845158.097249721,7954403.55251735,177,859889.470702118,704214.780420116,163375.493889304,2708951.31120938,-2.75460448903498,31.5683180494756,142.094938178755
1991,"n_instar_8_pub","gulf",57842.8460132939,2711028.0229048,9754100.20153067,177,3067254.76452466,802881.915837075,1791555.91834221,4914592.96525287,-1.56373111592335,77.9657569639226,180.615964341048
1991,"n_instar_9_pub","gulf",57842.8460132939,13840130.579719,52884467.2188372,177,16284672.2270058,4641720.1723626,9055573.62078379,27084306.7050748,-12.9102947618576,418.689885912306,1059.26894374093
1991,"n_instar_10_pub","gulf",57842.8460132939,4643653.75156825,15666556.1065133,177,3860700.19051184,1745714.24660948,1510540.72247821,8192309.46847585,-4.70761368205073,127.132903461719,271.401016350902
1991,"n_instar_9_mat","gulf",57842.8460132939,5027551.31505113,29352755.6201505,177,5079184.25281995,3160185.15043375,1405467.92267166,13232909.1990349,-7.98990380618692,143.824156029394,564.598961248811
1991,"n_instar_10_mat","gulf",57842.8460132939,35986916.8986685,189908082.7837,177,37404779.5774601,15181914.8754533,16121674.3317768,74510089.9320093,29.3595671155604,870.694881866871,3332.31322851582
1991,"n_instar_11_mat","gulf",57842.8460132939,46899645.3564496,182501937.592449,177,34270231.2858989,17856278.7129694,11630471.5401001,79419121.6159473,-69.8773908581093,1313.17227760738,3325.67937820239
1992,"n_instar_4_imm","gulf",57842.8460132939,146793.398372055,324860.033793393,233,167559.72532417,23027.6969890831,126961.769260506,217040.267341899,0.0318238137032948,3.23855356203406,5.79091928021361
1992,"n_instar_5_imm","gulf",57842.8460132939,1935007.70745536,7671054.46674953,233,3011925.86531614,497164.284985985,2154995.32006024,4097958.34450528,-0.215327261065534,53.7481962866455,137.294924833791
1992,"n_instar_6_imm","gulf",57842.8460132939,10711039.4483732,32445298.2546884,233,16682877.2509188,2027287.39660332,13062594.5003808,20996464.8539199,3.11637745566149,259.139324700907,580.139417300364
1992,"n_instar_7_imm","gulf",57842.8460132939,40821913.6089496,111274258.845097,233,41383811.0191699,8012085.45336392,27896994.3516754,59172880.5100361,3.26741798203068,1031.51525667636,2017.68268997066
1992,"n_instar_8_imm","gulf",57842.8460132939,37454175.5596792,125404494.025389,233,36437582.2296969,8673231.82073705,22374635.2915665,56157609.1676525,23.364877591356,925.403584080931,2225.1224284991
1992,"n_instar_9_imm","gulf",57842.8460132939,3362642.92006583,17468344.2367807,233,5088675.31691069,1160943.75869347,3190431.82760138,7714788.45552307,-9.90007886502386,103.572274301936,315.959323929579
1992,"n_instar_10_imm","gulf",57842.8460132939,63447.5189280833,447062.835503206,233,52542.4298853639,30890.861937706,15568.7171929757,131775.460684613,0.188558427187071,1.67336243717257,8.03224450117934
1992,"n_instar_8_pub","gulf",57842.8460132939,915200.362568575,2281395.58224495,233,1114082.75321062,206432.115304482,764177.652605072,1570290.22382406,-0.495943741209323,24.7306896648703,40.6118858681591
1992,"n_instar_9_pub","gulf",57842.8460132939,7969736.65135974,33717942.0380334,233,9914211.32875256,2337830.20553231,6116434.78938106,15223579.5079993,-10.5482077566615,231.075193413779,605.825260213827
1992,"n_instar_10_pub","gulf",57842.8460132939,15035900.0021134,112204976.884062,233,16649125.0469754,NA,NA,NA,-28.6598580078619,456.704216476504,1944.79878019537
1992,"n_instar_9_mat","gulf",57842.8460132939,2486146.56872574,7271658.11214501,233,2940691.13879581,611120.083269078,1924164.51821266,4308185.60977781,-1.22122005669287,53.5095973309562,120.434447097346
1992,"n_instar_10_mat","gulf",57842.8460132939,19876623.1623733,73418127.2647272,233,19344745.4661451,NA,NA,NA,-15.6663909662113,488.158233415406,1236.21365299215
1992,"n_instar_11_mat","gulf",57842.8460132939,43943354.6222079,243149716.812279,233,47618210.7506525,17925214.3768583,21833758.5065267,90962850.8967601,-18.6645124650092,1046.74455143588,3825.3890406956
1993,"n_instar_4_imm","gulf",57842.8460132939,246248.915592471,630252.625028135,208,277532.73245911,51518.8471968408,190232.197766863,391409.241981787,-0.373897747559271,6.23489969363664,12.9202849264991
1993,"n_instar_5_imm","gulf",57842.8460132939,10188624.6418881,48332565.2856234,208,10149605.4468246,4751613.28639628,3841422.377472,21995887.8306002,-20.5287058453354,287.28061660081,915.921528418145
1993,"n_instar_6_imm","gulf",57842.8460132939,30350794.9305727,108170818.080043,208,37740968.9630033,8916507.12627568,23261743.544469,57995639.2973222,-64.6576023896399,833.179360868391,2137.57824624129
1993,"n_instar_7_imm","gulf",57842.8460132939,39298834.6387556,116185212.561402,208,36242818.0125289,11500435.7851466,18825262.9773046,63392517.055213,-49.032363181742,1032.82647672713,2171.31886097933
1993,"n_instar_8_imm","gulf",57842.8460132939,39563990.5575534,126192849.196856,208,42210296.4118367,10750386.4702691,25025272.9447836,66859538.0261162,-59.7565184101154,1140.97658761314,2479.06714993124
1993,"n_instar_9_imm","gulf",57842.8460132939,7868239.48387204,29307029.8904387,208,11968020.8664146,2062612.72764588,8434113.21108962,16492767.9347944,-17.4335406283267,210.508875197638,521.797147334801
1993,"n_instar_10_imm","gulf",57842.8460132939,87458.0548584486,491839.117533901,208,72714.9125680977,44844.3094745584,20340.9420051613,188317.647584332,-0.034356041569924,2.22653843172915,8.71154509869417
1993,"n_instar_8_pub","gulf",57842.8460132939,1928815.03499936,4135905.53534284,208,2478211.75252473,352163.212268483,1859697.27189824,3237069.5251686,-0.741094721773298,44.0241264125909,75.3024298093528
1993,"n_instar_9_pub","gulf",57842.8460132939,15433916.9682116,44692858.1159436,208,17160195.5588376,4244400.37381472,10332602.8286803,26856344.4510038,-16.8234459065829,379.659410158149,797.275249934729
1993,"n_instar_10_pub","gulf",57842.8460132939,20148680.5034918,88090365.1194229,208,31839483.4196668,NA,NA,NA,-26.1822390067051,513.570637871765,1461.42793048988
1993,"n_instar_9_mat","gulf",57842.8460132939,1771872.22095013,11138642.8037322,208,2442065.51231187,1014292.11894182,1031878.82683318,4929124.35873909,-3.58570556165039,55.4768324882301,199.530328162028
1993,"n_instar_10_mat","gulf",57842.8460132939,4864205.67222367,18446225.8041386,208,6826284.9923886,1407247.46589031,4482218.91404977,9972416.05849244,-10.9931557211384,147.894896607796,341.613736559593
1993,"n_instar_11_mat","gulf",57842.8460132939,9005977.37549317,52819292.4551638,208,17311050.8583199,NA,NA,NA,-32.3745118510578,280.515792869822,901.504665855983
1994,"n_instar_4_imm","gulf",57842.8460132939,992320.466797745,3509003.18946684,259,1026208.96165866,239517.09678999,636320.35357398,1569492.6512194,-0.390496848022601,20.8893581982443,60.3307014097859
1994,"n_instar_5_imm","gulf",57842.8460132939,28858426.1584242,118152049.887276,259,31297630.7659869,8136359.72353339,18349909.3842203,50001998.0344471,-32.1196867007338,644.603327136486,2002.35115218403
1994,"n_instar_6_imm","gulf",57842.8460132939,126414538.053478,462984026.544535,259,149257551.396203,24821479.7237489,106517826.009542,203517963.442864,-92.880220768935,2817.58053508849,8287.53646623594
1994,"n_instar_7_imm","gulf",57842.8460132939,171296484.952122,605684604.086779,259,204937960.571182,NA,NA,NA,-192.32705090693,3790.01567348491,10617.6780761672
1994,"n_instar_8_imm","gulf",57842.8460132939,88986020.644551,379340089.346905,259,118739116.132673,NA,NA,NA,-62.8767998689512,2172.48973669184,7057.61633309817
1994,"n_instar_9_imm","gulf",57842.8460132939,16358348.8609469,51283760.5415579,259,17514324.9144842,3312888.42338369,11916957.6077428,24851600.0775669,9.90198231042315,432.024495293703,930.40291289771
1994,"n_instar_10_imm","gulf",57842.8460132939,186915.978740352,535879.739431147,259,218786.660660677,37292.5454738281,154792.773430685,300505.851495944,-0.00266507813981098,3.75853957152487,9.1421641139926
1994,"n_instar_8_pub","gulf",57842.8460132939,6416028.64785855,16751465.6250462,259,6856317.1688537,1002713.78470285,5101150.14754676,9022417.08048005,-6.85157597788416,135.596815891007,322.977386864661
1994,"n_instar_9_pub","gulf",57842.8460132939,52892505.6343361,128702014.436865,259,60138843.1771445,9531856.76071503,43620440.7655703,80880674.587912,-15.4990357367959,1158.24485102868,2290.94410148119
1994,"n_instar_10_pub","gulf",57842.8460132939,59063214.7769161,169175309.456875,259,47000946.4992339,NA,NA,NA,-3.8595918074314,1290.32621658064,2958.89466547498
1994,"n_instar_9_mat","gulf",57842.8460132939,2481717.0760539,5507047.46622163,259,2533577.78059735,369840.079843805,1886060.38511935,3332389.87464232,1.3597057516003,53.01456908917,97.0691218628221
1994,"n_instar_10_mat","gulf",57842.8460132939,22996783.4418565,95564031.036862,259,31374860.0138074,6475825.63149835,20590282.0520983,45854596.7440193,7.47948236732147,571.355493052898,1666.09786883128
1994,"n_instar_11_mat","gulf",57842.8460132939,30462881.7534971,127105974.329158,259,27332992.6785759,8094012.37755457,14847367.3946048,46261479.0847617,36.4146238748379,784.469427288993,2180.39050128123
1995,"n_instar_4_imm","gulf",57842.8460132939,1580661.89330384,9677176.57832651,260,1334481.64868195,669384.107445162,471335.387392417,3018746.22842377,-4.68136532261128,43.1709914074999,173.639344932184
1995,"n_instar_5_imm","gulf",57842.8460132939,31256277.7519105,165423974.1009,260,32363033.7286719,10075171.1630363,17024425.038956,56085637.5315756,-164.990706564873,969.274129438493,3404.09629207625
1995,"n_instar_6_imm","gulf",57842.8460132939,63828440.8315498,228500404.536129,260,54865427.7057965,NA,NA,NA,-55.8537373176915,1438.18014391527,3817.12117677265
1995,"n_instar_7_imm","gulf",57842.8460132939,193617187.402902,674801400.398019,260,292205280.305705,NA,NA,NA,-86.3112133014906,3978.79070683414,10712.5475373814
1995,"n_instar_8_imm","gulf",57842.8460132939,164365558.531956,599381116.28251,260,280260753.471176,NA,NA,NA,-15.9270342637669,3292.61916409458,9258.44236914534
1995,"n_instar_9_imm","gulf",57842.8460132939,5156667.58893549,15516021.5791331,260,9225551.24291876,889487.060266417,7605078.85569624,11088234.2202906,-6.90948686732686,123.739548697235,273.131266293182
1995,"n_instar_10_imm","gulf",57842.8460132939,228708.366162629,782761.385041727,260,216772.314968151,49302.4462861652,136110.464430175,328255.870008977,-0.316521057109328,5.11255818652556,13.6924667642924
1995,"n_instar_8_pub","gulf",57842.8460132939,46176923.10194,296350643.975807,260,50371535.0196867,19117206.2846259,22946597.5921664,96652133.6193006,-14.3304467439762,1154.51903813542,5164.7658713712
1995,"n_instar_9_pub","gulf",57842.8460132939,84028321.6270009,239297961.932543,260,97120371.2210524,NA,NA,NA,-34.9810032425071,1587.65100954104,3827.6977896541
1995,"n_instar_10_pub","gulf",57842.8460132939,38778203.6864754,125044607.270064,260,44213434.3276618,7834199.49676321,30844713.9690149,61447202.445414,-18.0754644237116,906.724346536325,2436.5867017208
1995,"n_instar_9_mat","gulf",57842.8460132939,67758.3426781674,467556.934480217,260,51986.6922072105,31267.4011998842,14992.0424389067,132381.916465617,0.0177052898387028,2.2600060581994,8.16519618602126
1995,"n_instar_10_mat","gulf",57842.8460132939,684820.328404242,6577989.06896556,260,520229.752244783,465634.912185872,86195.2610823594,1743263.12811143,0.987080587975877,22.7726729245255,114.971940157211
1995,"n_instar_11_mat","gulf",57842.8460132939,161714.20045477,1417168.25569421,260,118639.953059426,91892.2066559236,24471.169661491,359507.664657659,0.0208838608356697,5.45347522736857,25.0460242681355
1996,"n_instar_4_imm","gulf",57842.8460132939,205262.148752198,367262.510191081,69,218566.531256372,137522.504138947,59643.9631013912,573783.448809651,-0.219686826100758,3.86902727656811,6.03336947231049
1996,"n_instar_5_imm","gulf",57842.8460132939,3905747.21868814,14326194.6153333,69,1914993.16339081,NA,NA,NA,-4.3141487947225,102.625626008064,249.726213306782
1996,"n_instar_6_imm","gulf",57842.8460132939,66590545.3377123,182764185.650624,69,32765531.1117257,NA,NA,NA,-60.6206116857582,1371.75841940478,2768.30845846174
1996,"n_instar_7_imm","gulf",57842.8460132939,35408544.0222437,88237070.3889167,69,23331624.9220213,NA,NA,NA,-14.6422789737632,888.291600588162,1497.18828706244
1996,"n_instar_8_imm","gulf",57842.8460132939,23850438.9755197,63074366.5296823,69,45346589.3022807,21975616.2067387,16587692.3183272,100389580.598904,-27.6741732861339,487.96176083471,1003.38500280885
1996,"n_instar_9_imm","gulf",57842.8460132939,5682205.37154325,28815853.2407836,69,26460651.6213599,4849603.40307512,18226708.9985765,37165883.9544995,-16.5140891406338,150.495521793489,512.818291690705
1996,"n_instar_10_imm","gulf",57842.8460132939,48677.1080314233,86003.7070445395,69,51839.3002252356,32247.6363542929,14347.7788166543,135041.253226229,-0.0516882744695791,0.90810572401202,1.40699176463666
1996,"n_instar_8_pub","gulf",57842.8460132939,5234642.21155766,13108523.497043,69,8227678.01052393,3752811.08987715,3192855.36699419,17550599.2499256,-10.162194601045,77.8854520325481,173.579540019058
1996,"n_instar_9_pub","gulf",57842.8460132939,20160366.1061441,49266646.8549672,69,27300742.6362022,10303720.2745928,12492079.6689038,52225171.4156077,-38.7987318737803,386.57536050353,761.845731765289
1996,"n_instar_10_pub","gulf",57842.8460132939,39583122.9322873,89223167.4916006,69,91960433.9766854,30504172.6452166,46335857.7192001,164418078.956578,-67.6024569204802,726.877798871709,1407.68540627548
1996,"n_instar_9_mat","gulf",57842.8460132939,3033498.67653109,4859764.71980779,69,8483878.28994261,722686.371834579,7155618.01790611,9986234.24515787,-0.779949873322289,56.2889172808367,79.6774587854957
1996,"n_instar_10_mat","gulf",57842.8460132939,25663601.8068906,74796717.5933989,69,66133614.8276585,NA,NA,NA,-14.669614106048,597.509351761084,1293.85760657616
1996,"n_instar_11_mat","gulf",57842.8460132939,58348498.8633224,146431365.634017,69,143072878.500442,19088889.5360918,109309651.312283,183989571.230049,111.34374561399,1480.6555243745,2571.11659002085
1997,"n_instar_4_imm","gulf",57842.8460132939,635589.101575505,1339353.07023483,254,569022.604688226,84187.8966358357,421863.413019081,751074.720461324,-0.244413392178214,10.899969634014,20.0218753271552
1997,"n_instar_5_imm","gulf",57842.8460132939,6094143.51883519,17767398.08133,254,5625487.72390071,NA,NA,NA,-2.36560497351755,138.521875711782,308.657798325522
1997,"n_instar_6_imm","gulf",57842.8460132939,81003440.5873287,211853173.252961,254,78164411.9830185,12565652.029201,56428942.8999354,105544374.29755,-70.4960462536024,1702.53916925664,3620.55356126176
1997,"n_instar_7_imm","gulf",57842.8460132939,175972021.899202,503729143.010312,254,153869182.623419,NA,NA,NA,-145.352803595023,3605.30228631187,8449.51901543786
1997,"n_instar_8_imm","gulf",57842.8460132939,133398035.180895,392952864.028249,254,140079248.18017,NA,NA,NA,-73.0688734216883,2414.86593860109,6276.31386154365
1997,"n_instar_9_imm","gulf",57842.8460132939,8576151.075269,26946889.2040711,254,9048320.97930954,1727067.46880866,6134492.96200093,12877054.2336614,-4.42941169112278,197.512435840595,457.742419705828
1997,"n_instar_10_imm","gulf",57842.8460132939,136428.881618426,259165.822114386,254,122784.315040833,16165.1481905158,94151.5835785275,157396.483323891,-0.0505823250037456,2.24551077639987,3.84983818276771
1997,"n_instar_8_pub","gulf",57842.8460132939,120580401.839239,459574041.041962,254,118144518.224045,NA,NA,NA,-86.3699307616632,2463.90816940886,8128.21219485945
1997,"n_instar_9_pub","gulf",57842.8460132939,142923261.158093,311658074.197351,254,123168972.39042,NA,NA,NA,-123.706256010489,2326.93897197577,4176.90748076347
1997,"n_instar_10_pub","gulf",57842.8460132939,46927826.1868754,321508542.326302,254,42910326.2297979,14682173.6386085,21149362.3359844,77937193.9156953,-101.03492617334,757.989832460899,2930.77373103124
1997,"n_instar_9_mat","gulf",57842.8460132939,109042958.355147,397594006.836199,254,112240747.032479,NA,NA,NA,-29.5206366230976,2079.54440392252,6359.74568804918
1997,"n_instar_10_mat","gulf",57842.8460132939,128773923.039696,418490049.41175,254,114282759.402656,NA,NA,NA,-96.3869905566019,2460.45147891107,6583.42090632653
1997,"n_instar_11_mat","gulf",57842.8460132939,41211611.9285943,120402227.751771,254,35943765.9694869,6910022.01516495,24298855.4277296,51274337.3666215,-21.2984056098913,929.284922660516,2042.05090827548
1998,"n_instar_4_imm","gulf",57842.8460132939,432077.439737973,1371408.7984698,256,405310.593297245,84364.8907755782,265018.837946344,594126.844585045,0.353375354173366,9.36426690032446,23.9541327599625
1998,"n_instar_5_imm","gulf",57842.8460132939,1830696.08030648,6500651.43013226,256,1662195.63763754,394093.302976387,1022695.31802558,2557800.43022666,-1.48338270045429,46.2788775524383,123.263071311004
1998,"n_instar_6_imm","gulf",57842.8460132939,23595180.8730035,145402460.567949,256,19696999.7214718,8390409.70924938,8139686.57476815,40343698.9685512,34.982615537889,595.844640452871,2536.5346279486
1998,"n_instar_7_imm","gulf",57842.8460132939,173674043.184116,751656351.156901,256,164454391.819468,NA,NA,NA,2.09600699259321,4462.39340371286,13346.52265292
1998,"n_instar_8_imm","gulf",57842.8460132939,242341752.502845,1087423083.6526,256,254636341.695895,NA,NA,NA,-275.936958911153,6077.00515078179,19349.5813972589
1998,"n_instar_9_imm","gulf",57842.8460132939,12830828.5780979,81281839.8759623,256,10998679.5433561,4438922.6889941,4763369.82921448,21838912.6608959,47.7495091289547,359.495692186478,1436.34460213096
1998,"n_instar_10_imm","gulf",57842.8460132939,628449.796625087,6081190.72989274,256,296578.485489708,245919.339514153,55305.4952679187,942439.802786732,3.79587595772466,18.5612339132931,104.32058510139
1998,"n_instar_8_pub","gulf",57842.8460132939,93337118.3363151,267728080.988554,256,91510172.0980023,14352657.5370713,66603683.3684933,122711811.181255,-88.252811269201,1563.20768825473,3480.86365462655
1998,"n_instar_9_pub","gulf",57842.8460132939,95591903.0406533,224997219.691983,256,80998646.487452,NA,NA,NA,-32.3467754952527,1875.86063266818,3750.01733659329
1998,"n_instar_10_pub","gulf",57842.8460132939,32171581.0875927,171071483.046393,256,30930519.5216426,NA,NA,NA,9.9114167342287,770.704990062376,3181.79324056955
1998,"n_instar_9_mat","gulf",57842.8460132939,110713819.196062,288022715.869474,256,107339912.785362,16999867.2430253,77876705.1683745,144329844.110634,-43.5726180515313,1983.54087558539,4110.57382675507
1998,"n_instar_10_mat","gulf",57842.8460132939,135207110.439699,336103089.12109,256,123729406.121596,16691175.7573923,94242427.5162468,159539077.055539,33.1556668997741,2353.34962164352,5145.81695467769
1998,"n_instar_11_mat","gulf",57842.8460132939,50953176.4043794,145685123.971361,256,39506319.1536032,8079520.62473204,26029645.0436076,57553273.5603232,109.67544786179,1028.13831568456,2303.8354450542
1999,"n_instar_4_imm","gulf",57842.8460132939,250015.176923954,660512.453643033,273,241327.923531106,39594.257854639,173025.771962618,327769.410958132,0.0310080859955979,5.03618322402248,11.6257016011766
1999,"n_instar_5_imm","gulf",57842.8460132939,8355451.02528718,72330029.4843455,273,8060959.19180314,NA,NA,NA,-10.7640374355922,255.105578247344,1382.22277960272
1999,"n_instar_6_imm","gulf",57842.8460132939,15545749.1315439,58185888.9906848,273,14260355.9340149,3279768.11967462,8906052.05626445,21686521.1161998,31.2004696624888,357.540635140412,977.94183921178
1999,"n_instar_7_imm","gulf",57842.8460132939,25969046.5194066,68290884.8603505,273,25347588.7320179,4238810.80719315,18054424.6282644,34618745.4211955,14.725162513319,602.188535844605,1205.15285641111
1999,"n_instar_8_imm","gulf",57842.8460132939,141766281.127852,408078470.874933,273,141602195.132713,NA,NA,NA,-13.217876178761,3395.08118054724,7170.34930038979
1999,"n_instar_9_imm","gulf",57842.8460132939,26644102.1784994,160238833.142101,273,31017661.866217,NA,NA,NA,10.758701837594,738.338835535175,2834.09810664452
1999,"n_instar_10_imm","gulf",57842.8460132939,124175.640677734,834472.902920376,273,152788.396100264,50843.8461663933,76812.4406329634,273613.556872907,-0.210297328249832,3.37215960060768,14.9613564619251
1999,"n_instar_8_pub","gulf",57842.8460132939,45702268.7093963,128150283.331931,273,45057869.4753426,NA,NA,NA,7.65308317404755,972.173592586467,2146.07278519763
1999,"n_instar_9_pub","gulf",57842.8460132939,155378574.729312,483555087.269208,273,139230358.003815,26174070.6374345,94964508.6572361,197162031.325786,86.9199409355157,3102.10471527293,7806.76290492523
1999,"n_instar_10_pub","gulf",57842.8460132939,73863202.8983401,254052479.948612,273,65510730.282729,14832228.9986953,41223112.5892598,99031533.6070072,67.4801826759599,1815.44531360482,4351.83597915908
1999,"n_instar_9_mat","gulf",57842.8460132939,77735186.8935647,268690408.72166,273,82648152.3871918,12926372.818623,60208639.595957,110741843.101752,-24.8317994220668,1460.70199675163,4486.48812456325
1999,"n_instar_10_mat","gulf",57842.8460132939,100212509.930184,258520760.900582,273,88806335.6558961,NA,NA,NA,-15.222188647289,2051.97742791685,4244.4872879877
1999,"n_instar_11_mat","gulf",57842.8460132939,41791604.7871868,150100373.226224,273,34027970.7657872,8133023.49028909,20851917.3043736,52529038.8590871,57.2580657360286,889.663205546874,2326.40751742195
2000,"n_instar_4_imm","gulf",57842.8460132939,258237.942310152,1772600.17884517,275,191624.869395896,135962.993661595,44706.8868107925,546319.335603681,0.305612513222428,6.32047687801694,31.172974235571
2000,"n_instar_5_imm","gulf",57842.8460132939,2499930.66945641,12619056.6571778,275,2024567.6494129,834323.702241862,861298.59590687,4068080.32507797,0.576492000423699,65.8232271378856,216.985478188664
2000,"n_instar_6_imm","gulf",57842.8460132939,8669259.46684113,27526193.5687643,275,8208226.86139136,1421585.28013276,5774306.33029877,11328275.8668089,-12.3430536834966,206.264756209816,506.396763736447
2000,"n_instar_7_imm","gulf",57842.8460132939,27655551.2342775,92003309.7142733,275,27326537.0417877,4494719.72675516,19575551.3397628,37141701.6852143,-43.5116543650524,550.09280948596,1300.12633427077
2000,"n_instar_8_imm","gulf",57842.8460132939,34348756.059873,118991694.462367,275,35885947.4451719,NA,NA,NA,4.50781793129916,854.79012556088,2091.79600987492
2000,"n_instar_9_imm","gulf",57842.8460132939,11143937.215744,43260193.9942198,275,14458743.659689,2723289.89834458,9854461.74234888,20487475.4245511,-1.14576432635059,293.847024779608,739.348639458032
2000,"n_instar_10_imm","gulf",57842.8460132939,502700.553128487,5485117.57441052,275,650022.410124469,372678.255490664,198348.172164509,1603240.28185268,-1.52717380280879,18.266336807074,97.7376685398923
2000,"n_instar_8_pub","gulf",57842.8460132939,9686990.53576697,24364831.7575631,275,10089856.5323776,1452105.41637193,7543240.80519758,13222351.640883,-2.33906090154949,173.25650881824,403.467669287961
2000,"n_instar_9_pub","gulf",57842.8460132939,114706959.298776,294396930.777451,275,116677964.353403,NA,NA,NA,1.03459512916152,2217.41560146638,4682.63893300379
2000,"n_instar_10_pub","gulf",57842.8460132939,75233960.4520711,255144434.03694,275,89421533.6330627,12472044.6634986,67469692.0312559,116254080.66501,10.8378916425164,1435.08876089692,3881.94376168285
2000,"n_instar_9_mat","gulf",57842.8460132939,56774479.6971308,154190411.949606,275,57309943.3232629,7760427.46546529,43605879.2528567,73964562.3308767,-17.7257522420637,1002.25643875709,2336.31845589592
2000,"n_instar_10_mat","gulf",57842.8460132939,116165599.543273,309529126.634221,275,101614060.028074,22594267.6089395,64489002.3887738,152568136.923502,-32.2444628421995,2392.68024649711,5295.09002846197
2000,"n_instar_11_mat","gulf",57842.8460132939,122562592.409369,482877036.764312,275,79908092.8398448,31576381.5621462,35224800.157101,156790103.626325,267.304990738165,2823.09830823047,7824.11364922417
2001,"n_instar_4_imm","gulf",57842.8460132939,96911.1557545353,264462.908206879,287,96164.5635433009,15773.619794892,68953.3335633085,130600.429248,-0.0709557427249932,2.21005647442074,4.49455550380769
2001,"n_instar_5_imm","gulf",57842.8460132939,2075567.68253067,12266271.1598587,287,2279472.98684656,603030.657594625,1323606.17983669,3668868.13354935,-2.19918324148455,64.2584771506782,234.163308542712
2001,"n_instar_6_imm","gulf",57842.8460132939,9566915.8964053,42503416.927169,287,8290519.1066076,2638830.19439264,4297371.94418996,14522796.9977997,-7.68518265841751,249.407796324445,751.706863974357
2001,"n_instar_7_imm","gulf",57842.8460132939,16858269.5649767,48770632.0838785,287,16432422.8971196,2938803.81651201,11424343.1896056,22903341.0471814,-10.5218120663427,415.709251184077,866.576943357889
2001,"n_instar_8_imm","gulf",57842.8460132939,21241807.853173,89737508.8514059,287,19757030.9651451,5872612.50208176,10706816.6248629,33497575.736462,-12.1165887128226,516.784826108106,1476.36631355642
2001,"n_instar_9_imm","gulf",57842.8460132939,5158342.47506624,32724675.8772871,287,7499800.97923609,1704441.58963354,4710818.20541832,11353563.1407421,-3.02920248064783,159.232404443057,596.537932126188
2001,"n_instar_10_imm","gulf",57842.8460132939,23202.2751970428,61567.9743483461,287,23202.9454624658,3636.8463917697,16891.3191777845,31108.7119331751,-0.014133534225473,0.514857655363788,1.02820926040362
2001,"n_instar_8_pub","gulf",57842.8460132939,5235756.13982456,18874547.5660579,287,5843081.16663558,1228733.96749061,3803473.67726791,8596286.06466107,-2.16895086300179,117.991052458342,316.641521902611
2001,"n_instar_9_pub","gulf",57842.8460132939,20262893.9371178,51197559.349848,287,19978426.7857626,3080166.06767046,14621651.5873877,26663909.3237752,-10.5790238875944,420.220809162305,852.084338321794
2001,"n_instar_10_pub","gulf",57842.8460132939,18380400.1456762,59784579.9247455,287,18968985.6844976,3907913.69477571,12458795.025324,27705120.0929109,-1.35378053102408,416.13745730331,1003.71190222945
2001,"n_instar_9_mat","gulf",57842.8460132939,13113744.053559,33156159.8540593,287,14059964.7601004,NA,NA,NA,-0.42265692107882,237.067220235022,510.093150627869
2001,"n_instar_10_mat","gulf",57842.8460132939,111542538.303594,327426942.77365,287,125539354.228424,NA,NA,NA,-10.6964080464003,2229.49609272946,5133.27987978391
2001,"n_instar_11_mat","gulf",57842.8460132939,99626137.5269912,390917405.092097,287,92320276.9660859,NA,NA,NA,26.6721071835526,1947.37726916024,5945.23905995862
2002,"n_instar_4_imm","gulf",57842.8460132939,104794.061667883,275076.319034379,311,97901.5731598315,15749.3776765803,70661.5142891753,132220.946525301,0.00956512918326654,2.24690398141265,4.61850964252268
2002,"n_instar_5_imm","gulf",57842.8460132939,5619354.33311019,42586786.5206924,311,6254929.84733864,2056570.49296787,3171134.06840187,11133961.2806717,-22.3638725700141,170.564042614129,750.749422204765
2002,"n_instar_6_imm","gulf",57842.8460132939,11299198.3169052,39180967.9547972,311,11460884.3783371,2236436.20245889,7701087.34904733,16430626.721906,-13.4786408905205,290.177653026653,675.685732997286
2002,"n_instar_7_imm","gulf",57842.8460132939,19210620.8193337,74576449.5410691,311,18704639.8137907,4590528.88167941,11308171.8105281,29181352.9418585,1.62512755766554,465.247175200354,1296.01218884999
2002,"n_instar_8_imm","gulf",57842.8460132939,23851309.3703669,91778233.7012939,311,22564645.1712971,5750820.10072637,13373038.5109154,35751665.4300777,0.852965471234695,618.496723069773,1623.84369873821
2002,"n_instar_9_imm","gulf",57842.8460132939,3776810.28932102,17957756.5071758,311,3249553.28411161,1041539.68495631,1676507.78219862,5711785.72550208,7.75812560543328,106.056797805335,306.3667912724
2002,"n_instar_10_imm","gulf",57842.8460132939,71249.3283193447,588600.637776296,311,60839.7129022008,36425.8664620633,17641.2323897052,154453.330407312,-0.0344088770936435,2.06166110182124,10.4748789477985
2002,"n_instar_8_pub","gulf",57842.8460132939,2542902.28668743,8549758.9462062,311,2576204.85608774,522530.595651309,1703390.31175655,3742290.94178591,-3.76988131540186,54.9695013853451,141.796511575951
2002,"n_instar_9_pub","gulf",57842.8460132939,24783472.4753149,99604280.6692343,311,22024739.9561621,6038391.05075957,12531976.3667807,36001991.7322441,-33.2280767035711,632.539688599062,1641.37504124606
2002,"n_instar_10_pub","gulf",57842.8460132939,16895398.1134865,106466804.220081,311,18784219.1095036,NA,NA,NA,-16.1644171292233,413.32912352819,1940.66935974697
2002,"n_instar_9_mat","gulf",57842.8460132939,3827644.03844405,19175718.238339,311,4351817.56000556,969521.905774033,2759359.76146675,6538760.01547141,-0.811912844810895,94.0354413654292,333.912711790224
2002,"n_instar_10_mat","gulf",57842.8460132939,24557900.8345434,130451665.069711,311,25452688.993054,7173195.90833064,14250054.8078894,42117082.0172269,-11.490849193632,638.041355522864,2284.63229897916
2002,"n_instar_11_mat","gulf",57842.8460132939,17638710.4996339,70783173.1131051,311,21442760.7257053,4075786.16897908,14561727.4051728,30474352.236636,-3.93604727571708,461.442772417805,1229.69878463959
2003,"n_instar_4_imm","gulf",57842.8460132939,173682.926776553,358876.347760891,308,170640.16847467,19112.7182255227,136248.38893671,211065.226571595,0.0131034768659971,3.49538770635889,6.18719520134257
2003,"n_instar_5_imm","gulf",57842.8460132939,2443258.59167573,12406502.8407921,308,2017522.12721511,741139.75131288,942935.651823688,3803460.68721304,-0.108498701556206,66.7135334768341,215.457248795401
2003,"n_instar_6_imm","gulf",57842.8460132939,13731383.8223652,34754294.9704243,308,12859873.4511459,1855220.51820147,9607217.09760929,16862809.7201641,-2.93609025648583,284.385936654426,614.092219716674
2003,"n_instar_7_imm","gulf",57842.8460132939,30180202.6260911,108319943.728248,308,32489294.4857332,5807056.77683172,22592506.7444037,45275025.2632007,-34.6240946195304,695.045851019489,1966.90778337833
2003,"n_instar_8_imm","gulf",57842.8460132939,53597103.9872486,226640434.474215,308,52360205.7271568,13647939.6615016,30654469.6805584,83745532.5886386,-30.2217564894079,1342.21872134478,3931.35353160807
2003,"n_instar_9_imm","gulf",57842.8460132939,8192260.17384435,39257476.6952249,308,10573374.70723,2190348.88562121,6927970.39766466,15472935.3718826,7.71411197479845,232.961712662616,689.763336963266
2003,"n_instar_10_imm","gulf",57842.8460132939,170136.802012672,1971838.36886024,308,90343.9951631283,82498.1990199582,14499.7601171708,306953.688907042,0.845755415566293,4.9226662071492,34.7202670042037
2003,"n_instar_8_pub","gulf",57842.8460132939,2807030.79354309,8678189.58355879,308,2516694.1867813,526051.937602962,1642558.10274153,3694605.13475081,0.236104133856835,54.2765075489515,146.748059884537
2003,"n_instar_9_pub","gulf",57842.8460132939,22512857.8463328,89365188.5191026,308,21624578.6215558,4137817.38018989,14646218.9898089,30800141.2548914,-0.302549442654381,449.098798392796,1461.97822690401
2003,"n_instar_10_pub","gulf",57842.8460132939,22029300.7265108,103806357.13029,308,23459412.4257849,6111804.64297871,13738108.2656857,37513469.7820417,-20.8781216540981,502.748902135956,1704.39992077405
2003,"n_instar_9_mat","gulf",57842.8460132939,2072693.97268821,6735142.28682298,308,1737273.15573587,381424.361290059,1109062.8716349,2596177.31636681,-0.486162478877319,48.0140358578452,111.035329808089
2003,"n_instar_10_mat","gulf",57842.8460132939,16892672.4347672,86391551.0741458,308,15413545.3237217,4913152.02781617,7981807.28198044,27019538.6662814,1.8257605182351,452.942519363024,1519.15714721605
2003,"n_instar_11_mat","gulf",57842.8460132939,16079983.3307102,80910437.8343361,308,13012236.4927869,4046074.03649738,6850430.49619544,22537395.0632561,-1.84037297617997,384.951821943138,1181.10226184838
2004,"n_instar_4_imm","gulf",57842.8460132939,623249.053193296,8192611.70584511,332,419234.936267044,402745.974483873,61973.0919284523,1474886.18452614,1.41342224359556,18.0849161919914,144.541787037749
2004,"n_instar_5_imm","gulf",57842.8460132939,2720628.57485126,16107078.888358,332,2196729.06895594,826498.238820896,1007652.61399441,4195122.20176592,1.00238048145214,73.9339141804847,286.202919927338
2004,"n_instar_6_imm","gulf",57842.8460132939,22067208.1831129,108385292.542158,332,19553880.8251334,5402234.46848545,11076601.48734,32071182.1149885,3.94771547957726,551.754884194551,1895.07015811671
2004,"n_instar_7_imm","gulf",57842.8460132939,30918687.7877801,95470925.0968983,332,28772680.4097351,4458337.97318697,21024023.9198738,38453932.8880914,0.888598880768857,689.205564262875,1651.84241298225
2004,"n_instar_8_imm","gulf",57842.8460132939,36245367.5318567,95937404.6108541,332,28187746.3265172,5621070.85704278,18771624.3657048,40708306.0858034,6.12568276296423,819.917096811436,1590.17176826403
2004,"n_instar_9_imm","gulf",57842.8460132939,11118916.7051945,58525918.9111909,332,8231029.27635436,3083566.00240019,3788466.89151024,15682250.2157976,31.5760631554478,301.917800809086,998.256667714889
2004,"n_instar_10_imm","gulf",57842.8460132939,73618.4497894456,438848.238735153,332,55852.8025455922,21376.4103227231,25272.6594401124,107664.455262071,0.181385654726314,1.77622613592256,7.7681957270587
2004,"n_instar_8_pub","gulf",57842.8460132939,3411840.30402244,10775955.1130367,332,3371555.07424907,NA,NA,NA,-0.910788793867303,74.7690712310205,196.343252153118
2004,"n_instar_9_pub","gulf",57842.8460132939,25491207.6126889,74975050.6015936,332,20483785.9485775,4324662.02894185,13310224.2841464,30178369.7358015,2.68170546768644,568.691789011398,1215.55723693142
2004,"n_instar_10_pub","gulf",57842.8460132939,30005127.8979937,135155287.566554,332,30501260.3938462,8333991.62469921,17389178.2289954,49783639.1746356,27.1760281327512,761.120154770514,2337.07563973209
2004,"n_instar_9_mat","gulf",57842.8460132939,1582009.25938135,3582036.06968286,332,1371194.79750211,191396.808616586,1034350.27364282,1782996.12955078,1.05066056848004,34.6307191878861,60.2254357552494
2004,"n_instar_10_mat","gulf",57842.8460132939,12982773.2810595,63460600.5609792,332,16617183.7712147,2378660.14772185,12443008.2167868,21746058.0967154,-5.79583941061701,340.777704686559,1142.77176007434
2004,"n_instar_11_mat","gulf",57842.8460132939,35335140.8556716,148226456.239967,332,29536066.2288429,8857051.94994033,15917593.5197705,50284239.9252671,-41.3484060150436,814.631855882828,2204.11057367999
2005,"n_instar_4_imm","gulf",57842.8460132939,268199.227157479,583996.429659598,339,288037.177816406,30221.9657327218,233347.98438919,351672.179999447,0.0665726161367375,5.09734061653842,9.76708506120399
2005,"n_instar_5_imm","gulf",57842.8460132939,1844535.49860172,6345570.92602722,339,1759026.62380162,360286.354473311,1158223.50587049,2563922.0276657,0.410842094918828,42.5290214913259,109.117382614223
2005,"n_instar_6_imm","gulf",57842.8460132939,30365292.7271633,81865951.0324733,339,33890251.8154984,4533181.99340173,25874448.3149365,43609070.4902985,7.89525114755027,632.60357265346,1343.12079798244
2005,"n_instar_7_imm","gulf",57842.8460132939,55227511.5933316,163513760.79776,339,53855895.3233246,9517158.47939081,37608882.2149177,74786164.2446768,-24.2478987261287,1154.84525151259,2690.04256200316
2005,"n_instar_8_imm","gulf",57842.8460132939,44017214.2611481,111839890.895968,339,47254780.4757295,5958165.15570554,36653808.5120008,59968395.2776579,-10.7610191657069,956.555557516703,1944.49075545129
2005,"n_instar_9_imm","gulf",57842.8460132939,12335564.4813921,44996681.6849633,339,16172056.1136325,2418069.67441455,11950717.324758,21405928.471573,6.5759617190508,326.260944158996,803.967749436885
2005,"n_instar_10_imm","gulf",57842.8460132939,61824.1113632747,126015.215593567,339,69992.4361967767,20252.7326585834,38567.8094681895,117208.036759569,-0.23640537907219,1.29713029747061,2.65376054361964
2005,"n_instar_8_pub","gulf",57842.8460132939,5180822.20682831,15079799.9024469,339,5886771.77373804,656185.763916529,4705512.26180649,7274189.2029579,-6.10670063383443,114.739114558811,287.007483807368
2005,"n_instar_9_pub","gulf",57842.8460132939,36197170.0801774,92145594.9025525,339,50980856.2277289,3848286.63079702,43854250.1804326,58929802.3813625,-31.2791736872005,785.325396401127,1571.04517946376
2005,"n_instar_10_pub","gulf",57842.8460132939,23193438.1475818,57605277.118895,339,26982216.6295426,3256425.35220029,21163088.6151655,33907524.6221315,13.494372544949,521.662614779825,977.178023006904
2005,"n_instar_9_mat","gulf",57842.8460132939,2352053.83320142,5259574.11961363,339,2138579.49739701,279912.628477184,1642473.12841341,2737634.34507753,0.619421896172761,51.3631157484391,87.9613456490847
2005,"n_instar_10_mat","gulf",57842.8460132939,13551145.1733158,51878117.8886571,339,13562572.9375305,2834239.23332058,8852743.64245864,19908697.5645728,-10.9924534613676,354.436970477612,937.977082613048
2005,"n_instar_11_mat","gulf",57842.8460132939,37992515.4404308,141284544.951921,339,28647286.9593304,7857525.84034269,16296006.0568908,46836398.9128481,46.3371012060845,978.789513396848,2419.82986485855
2006,"n_instar_4_imm","gulf",57842.8460132939,274007.762097049,617547.858821164,348,277440.034285895,21877.166075769,237031.861344796,322730.114667773,-0.0618836555193538,4.57675071266798,8.48668283266095
2006,"n_instar_5_imm","gulf",57842.8460132939,2077760.46624066,9403914.22142225,348,2001779.41940113,401718.995550348,1329553.97994727,2897204.8529746,-1.77012865915086,46.6242634612729,138.165290138722
2006,"n_instar_6_imm","gulf",57842.8460132939,29879307.510769,171124271.259621,348,34492649.8523958,6595487.1278907,23368231.2851806,49116975.5154737,-34.3686939511565,646.881136293283,2862.90482736673
2006,"n_instar_7_imm","gulf",57842.8460132939,71602925.6403567,271308760.185941,348,74028087.9505916,12191056.9876091,53008495.2675974,100652925.701355,-21.2911755910926,1533.49512601231,4612.6702999956
2006,"n_instar_8_imm","gulf",57842.8460132939,65425942.9011579,214990903.949505,348,64318760.665595,8754299.70980247,48868343.7767038,83114319.3766681,16.4877441723576,1248.05373200458,3417.82829948281
2006,"n_instar_9_imm","gulf",57842.8460132939,12849476.7695763,54233346.3181994,348,12374780.0086704,2473399.98313094,8233062.67966901,17885505.1331246,14.2630636314459,329.774482239688,919.829333183725
2006,"n_instar_10_imm","gulf",57842.8460132939,62582.850724822,130508.656994347,348,62698.2978381441,4788.02186675235,53837.4696829417,72594.1308274543,-0.00785078766984593,1.0271461804159,1.79284646097408
2006,"n_instar_8_pub","gulf",57842.8460132939,10959650.9430779,28762234.3155025,348,10368783.343375,1090229.80632536,8396267.48525706,12664682.7452897,-4.04440737224442,163.177798891999,361.967171566472
2006,"n_instar_9_pub","gulf",57842.8460132939,49491116.7368386,127731777.466228,348,55668999.6650768,6000189.48005826,44835784.3586878,68325975.2859357,-45.7075892458611,870.112852723498,1912.65360312541
2006,"n_instar_10_pub","gulf",57842.8460132939,19337961.4521291,51204852.8013977,348,21123319.9216328,2827114.61146228,16124586.7325113,27184741.1928909,11.3115562284421,421.709062753852,884.546303496768
2006,"n_instar_9_mat","gulf",57842.8460132939,4543943.22337566,16313372.4288534,348,4306394.83751793,866564.546597394,2856973.64483591,6238533.64523346,-2.12013505787295,99.6044344242414,271.175585108157
2006,"n_instar_10_mat","gulf",57842.8460132939,23757761.5022398,72798055.4191042,348,24556038.2449199,4013336.06992168,17629220.613358,33314642.9101922,7.44281204022438,562.056048745867,1217.55587529669
2006,"n_instar_11_mat","gulf",57842.8460132939,27045109.2235235,110597577.078061,348,28356062.3649577,3900271.3026198,21480512.0796243,36737327.6630117,19.0668917596282,646.823636380817,1707.69843668462
2007,"n_instar_4_imm","gulf",57842.8460132939,262968.55483255,547164.549636751,348,259950.866688141,24424.5036672834,215367.92503505,311017.144708994,-0.0336134637145692,4.7672295091862,8.99502277893725
2007,"n_instar_5_imm","gulf",57842.8460132939,2390524.15783178,9749822.38559359,348,2206095.01310204,411926.570458079,1508703.95616824,3117171.13873211,1.03951159710834,50.5793203583771,141.235223096544
2007,"n_instar_6_imm","gulf",57842.8460132939,10975355.9900845,27135405.950276,348,10421726.2824723,1214325.77056456,8244506.72281988,12997447.5069858,-3.35597944459287,223.605887213661,445.280032038108
2007,"n_instar_7_imm","gulf",57842.8460132939,57514493.1078365,157450151.437984,348,57084571.5529022,7702483.14914889,43477539.7726891,73609981.5911068,-33.6827521421086,1218.2256180503,2707.28751337308
2007,"n_instar_8_imm","gulf",57842.8460132939,108984787.266724,354407695.034522,348,118249308.589925,14706326.6547339,92047102.9007193,149596421.102715,-3.13662676755777,2224.08420389465,5778.69282603782
2007,"n_instar_9_imm","gulf",57842.8460132939,11525027.8785078,55760881.641361,348,11837200.0905461,2455225.43856263,7751850.35658641,17330032.1520079,5.16292637219761,291.636804988268,967.907477753681
2007,"n_instar_10_imm","gulf",57842.8460132939,108225.848105443,672997.722839398,348,98265.7914448532,35504.2386287862,46515.397802013,183620.279795327,0.02232190268481,2.49638578503971,11.8435005823334
2007,"n_instar_8_pub","gulf",57842.8460132939,14730053.2633697,55102795.5428501,348,13986413.0173296,2512152.97763157,9708139.2514485,19520328.8422483,-7.03721780258992,278.692395390052,867.068130076372
2007,"n_instar_9_pub","gulf",57842.8460132939,72731668.2426254,187000189.691214,348,74507095.2612028,9275777.71001141,57982179.8265759,94280352.9528884,-69.7875481062947,1322.92408720607,2924.90193187869
2007,"n_instar_10_pub","gulf",57842.8460132939,31366920.2975253,116378412.719553,348,29756740.4451152,5315604.02311786,20696752.1736174,41459728.5487718,53.8552930129063,767.218062964767,1949.88159144617
2007,"n_instar_9_mat","gulf",57842.8460132939,12970322.685348,61059736.8670558,348,11991637.7177221,2815030.72084362,7414548.14256645,18381276.7606143,-8.99881969019239,237.224118876417,887.705081155602
2007,"n_instar_10_mat","gulf",57842.8460132939,36756492.1430068,108499002.351502,348,41927183.8059968,NA,NA,NA,-30.2164109404792,755.907054450115,1714.31656766796
2007,"n_instar_11_mat","gulf",57842.8460132939,19348199.9798291,56830553.187661,348,18592963.4954656,2605989.50209295,14008754.8462003,24201861.9908923,21.0068322453249,447.185768645646,947.842357164288
2008,"n_instar_4_imm","gulf",57842.8460132939,366110.428627678,1002053.85804688,349,363975.617694111,45729.9795835744,282582.07608427,461527.918229854,-0.129588972132118,7.42201442889431,16.9893199351213
2008,"n_instar_5_imm","gulf",57842.8460132939,9500363.68332111,70530997.1891903,349,9311248.2634748,4250203.16641853,3610804.34421352,19870892.5349034,-21.6800154797744,281.889964693401,1253.96856346405
2008,"n_instar_6_imm","gulf",57842.8460132939,20825728.3431102,60620349.2291199,349,20696974.4482487,2890800.30712229,15609741.2549484,26917033.7393423,-5.11942713369398,455.03710435585,1032.16142810081
2008,"n_instar_7_imm","gulf",57842.8460132939,41616998.6081993,112215823.298601,349,41251260.9727861,4858597.75469727,32548853.1394671,51565059.4594692,-32.4702705588725,914.251160729972,1990.81036171871
2008,"n_instar_8_imm","gulf",57842.8460132939,93619109.3360127,228612765.449614,349,100119740.114566,10742910.0095378,80716198.9503968,122774189.257372,-41.8552670790641,1894.2848630048,3864.6689703757
2008,"n_instar_9_imm","gulf",57842.8460132939,14678444.5292089,61895654.5422752,349,16605984.0758198,2698840.02499369,11944418.6492281,22492715.2388024,-16.0168753548876,394.999804934118,1110.73229598998
2008,"n_instar_10_imm","gulf",57842.8460132939,399388.65975578,5991836.89627899,349,690353.142358748,156230.459378163,434504.88528605,1043414.35365687,0.189716990232117,12.4888533540274,112.527298664945
2008,"n_instar_8_pub","gulf",57842.8460132939,8857983.32210426,21626095.984907,349,8372201.31831784,1161571.46891746,6326521.5692459,10870110.4277818,0.188005823868679,153.679241111718,340.419526576339
2008,"n_instar_9_pub","gulf",57842.8460132939,68226053.7939806,165824078.098467,349,71968779.7553433,5772266.29431605,61318342.2312444,83929196.0781978,-5.50833473098052,1255.34889747632,2903.23643102118
2008,"n_instar_10_pub","gulf",57842.8460132939,34682967.2042622,131654113.252072,349,36954526.9929418,4320818.89491828,29210038.1908043,46121794.3908022,-0.546289089619483,631.808920921772,1873.13101933193
2008,"n_instar_9_mat","gulf",57842.8460132939,11933555.7696782,40822660.6633668,349,10677180.2119928,2183947.92044408,7034441.98717502,15555475.0915402,0.00469912041222545,224.965093753964,608.948168353745
2008,"n_instar_10_mat","gulf",57842.8460132939,53121781.222243,130808790.653286,349,53029102.7131109,6135191.77366374,42021791.0517984,66035793.862093,-28.3199627193533,1034.74831039373,2097.77089202534
2008,"n_instar_11_mat","gulf",57842.8460132939,24251283.5091343,80531053.3725594,349,25741775.4802399,3332012.20332756,19829344.0916576,32866424.9736331,2.42865853630263,567.426211688374,1317.10481483371
2009,"n_instar_4_imm","gulf",57842.8460132939,327091.224458435,2206138.98793222,349,319705.021406319,98658.679790808,169150.198232372,551723.211211965,0.473941478041527,7.59406225083756,38.7360797792548
2009,"n_instar_5_imm","gulf",57842.8460132939,4668255.51948072,24036128.2935566,349,5501451.80982327,NA,NA,NA,-4.60231872510408,128.693397976504,413.0272222802
2009,"n_instar_6_imm","gulf",57842.8460132939,20244829.0948605,84911809.7751909,349,20211504.566642,3814927.32001562,13763741.5309616,28658770.3947454,-21.5775074148387,487.532368183608,1500.8776220216
2009,"n_instar_7_imm","gulf",57842.8460132939,35927954.7123626,87361400.0584791,349,35362240.6678946,3334603.25985592,29277097.6212634,42335702.4019627,-20.5454360032283,680.922729482851,1320.65475862945
2009,"n_instar_8_imm","gulf",57842.8460132939,51435989.0089095,155626791.159857,349,51919758.3409012,5985068.65795469,41178185.969029,64604837.7076374,-21.8030184193807,886.731118243765,1983.02813530691
2009,"n_instar_9_imm","gulf",57842.8460132939,5077510.10123236,18444135.8885442,349,5457628.21321003,841033.685729057,3994884.14754235,7283008.68577412,-3.74262654441151,141.5278939054,328.797771576293
2009,"n_instar_10_imm","gulf",57842.8460132939,159814.967273795,1602257.55515709,349,202025.983980643,52483.5510599843,118493.808554972,322667.67483492,0.0170486694216274,4.6630111739772,31.540513579988
2009,"n_instar_8_pub","gulf",57842.8460132939,11274788.070585,29573982.8451959,349,10489549.5701348,1633288.27956393,7652627.73539451,14037813.8837616,1.22533290126896,194.213004461972,484.531313848526
2009,"n_instar_9_pub","gulf",57842.8460132939,87243683.6015096,184267110.930074,349,83496805.058027,8746977.89216583,67666331.6164807,101912386.738112,-56.0442162847636,1486.1442445323,2885.37644175194
2009,"n_instar_10_pub","gulf",57842.8460132939,27861314.463134,63506663.5233735,349,27354649.5972146,2773171.4296,22322242.2317441,33180565.044266,14.6415633875818,525.525427941519,1011.77632346552
2009,"n_instar_9_mat","gulf",57842.8460132939,10074941.3606335,34809959.9626939,349,8707013.15139361,1931974.89536399,5531297.18762146,13062884.2637876,1.09750203906155,197.231238240034,531.607380703556
2009,"n_instar_10_mat","gulf",57842.8460132939,61820114.5449177,213703651.119973,349,66321915.8756676,6508780.10194457,54480303.0131873,79967184.4023169,-5.69557113098288,1382.16137598161,3860.00607121868
2009,"n_instar_11_mat","gulf",57842.8460132939,31643947.7996365,118868891.01964,349,33298490.4337541,4687353.67281113,25057012.8219609,43390850.3864109,20.4334506416181,749.387161584449,2039.95122452043
2010,"n_instar_4_imm","gulf",57842.8460132939,375062.290753908,832182.42675895,347,368882.886352914,40275.398261585,296247.370337531,453916.55255434,0.013195544773137,6.76547690239352,13.1477555481255
2010,"n_instar_5_imm","gulf",57842.8460132939,4123124.62330503,14192917.373382,347,4559434.858376,610222.242189086,3480475.63568943,5867769.19929148,3.0327151174721,89.4230700607712,225.98859849847
2010,"n_instar_6_imm","gulf",57842.8460132939,47223690.8402341,200573610.196091,347,51502934.1350442,7818708.65812276,37878951.0372296,68449550.3956935,-40.2363273905775,909.216119196856,2663.17589295656
2010,"n_instar_7_imm","gulf",57842.8460132939,120767528.979812,398582625.945939,347,115660869.331679,NA,NA,NA,-58.950422495508,2577.52147856887,6199.88263402847
2010,"n_instar_8_imm","gulf",57842.8460132939,77655434.2234355,231386300.813656,347,80236522.6523713,10782289.9233437,61180298.2246443,103361770.989153,-14.7926376927252,1640.02735271547,3860.94140279757
2010,"n_instar_9_imm","gulf",57842.8460132939,8980501.97113744,44487566.5262888,347,10405218.4446349,1594038.16778764,7630775.3951933,13863057.6925711,15.9167325505819,238.491928738354,798.681105057469
2010,"n_instar_10_imm","gulf",57842.8460132939,247040.842208819,1705583.41921308,347,237337.53434956,81057.9124701889,117132.863135914,430665.238913306,0.759661243949571,6.59927114116987,30.0177987460301
2010,"n_instar_8_pub","gulf",57842.8460132939,11854596.3928853,28316700.6419184,347,10908892.486907,1185608.90043353,8769831.46907054,13411281.2878304,-7.64364296695449,212.527221660444,426.874124925669
2010,"n_instar_9_pub","gulf",57842.8460132939,59724455.5218541,114310413.10422,347,56171356.8508708,4960207.55818902,47077007.014552,66503973.7861616,-18.631350036976,919.047534385603,1702.6068459357
2010,"n_instar_10_pub","gulf",57842.8460132939,21204367.4289482,75805253.8313285,347,23016432.1371085,2549183.74543505,18424807.4149379,28403909.2348109,5.87496104808799,432.779903192858,1301.15724224623
2010,"n_instar_9_mat","gulf",57842.8460132939,16256550.6016086,62909528.8897855,347,13696530.8963343,3030469.66558655,8712496.48987217,20526817.0590895,-5.58916409828421,299.164031753333,970.204973134074
2010,"n_instar_10_mat","gulf",57842.8460132939,95867370.2544342,196205657.893159,347,87791426.1269739,7675379.92652859,73709231.286484,103770854.590225,-13.9391410703411,1698.85903705066,3121.45451067681
2010,"n_instar_11_mat","gulf",57842.8460132939,47671644.9113423,163178054.905396,347,48486234.9183156,6684368.7059336,36705776.883,62852982.2454981,12.5289127670766,1066.21039843095,2804.04013296476
2011,"n_instar_4_imm","gulf",57842.8460132939,299857.206891699,803260.464810137,347,344875.51172623,41994.9957632604,269896.839499821,434244.827357346,-0.0492727817376977,5.9498000741128,14.0093392914574
2011,"n_instar_5_imm","gulf",57842.8460132939,5316751.07228394,31515955.5321115,347,5311633.05888767,1425906.67465796,3058976.23254389,8603175.79022076,-2.88006702181974,143.484972412746,570.005439439771
2011,"n_instar_6_imm","gulf",57842.8460132939,18450259.6327423,46229046.0178487,347,20162148.5523052,1855543.57348053,16770018.0333271,24036832.1699123,-2.8029458723651,377.660110124089,709.153762459451
2011,"n_instar_7_imm","gulf",57842.8460132939,82236563.817347,337823650.116747,347,104237915.71998,NA,NA,NA,-35.2529189955096,1905.9469789717,5931.4323121361
2011,"n_instar_8_imm","gulf",57842.8460132939,127101870.915732,593439178.050404,347,174227516.523428,NA,NA,NA,-127.073883441622,2953.59198717124,10662.6092786955
2011,"n_instar_9_imm","gulf",57842.8460132939,8720945.20802028,43922420.103379,347,12034566.4571797,2212197.51961194,8280266.12188205,16919375.1237767,-8.06366562238084,239.766606778817,782.523853334881
2011,"n_instar_10_imm","gulf",57842.8460132939,83972.8844680277,342209.106114488,347,83605.1174825169,12634.9345843073,61576.6095079689,110979.45824769,0.117651629234813,1.80016126979374,6.00027656965583
2011,"n_instar_8_pub","gulf",57842.8460132939,30735371.7067964,92582390.1117662,347,29447979.2105084,4158219.70991362,22139444.4466702,38403434.7443508,-16.8493731957146,592.390649684943,1463.11271022517
2011,"n_instar_9_pub","gulf",57842.8460132939,44325748.1872751,103379419.109708,347,45732279.3226696,4524491.53832116,37505908.5454464,55222466.4542839,-20.1588697320577,816.875232690189,1717.97790840465
2011,"n_instar_10_pub","gulf",57842.8460132939,23390046.8140716,106471086.820897,347,24884893.5471743,3572908.5239542,18617206.5662811,32590823.5345674,-7.08430717699576,465.852185902355,1754.30764371576
2011,"n_instar_9_mat","gulf",57842.8460132939,7291295.35983206,17824361.6900028,347,6712455.0882846,919108.309819256,5091400.0818363,8686773.61235847,-0.0912313777087281,136.089255546278,279.604733111839
2011,"n_instar_10_mat","gulf",57842.8460132939,46002821.484969,118798576.873421,347,45280561.2642032,5021907.08215195,36236125.3077405,55894941.79753,3.20513463095355,950.156499984906,2063.49106617387
2011,"n_instar_11_mat","gulf",57842.8460132939,24761609.8611111,102937650.669075,347,25120335.7183992,4458875.12573349,17513415.0178329,34930763.8635747,-0.576882267997723,668.377299132227,1918.96193085262
2012,"n_instar_4_imm","gulf",57842.8460132939,249394.387135746,767161.018357999,321,283336.750841476,39388.0777522435,213984.575050167,368053.196238341,-0.718260801722859,5.74184182000381,13.8179740656122
2012,"n_instar_5_imm","gulf",57842.8460132939,3466099.59345384,21607479.9906401,321,3932517.902837,763214.475202702,2648300.05897606,5627513.64904897,-1.6986078345048,98.6825251055317,384.647884660187
2012,"n_instar_6_imm","gulf",57842.8460132939,9173368.71260123,21755754.490484,321,9339924.71497644,1016927.98189573,7505483.12304341,11486557.9806728,-11.1084402540239,188.591344042488,360.520630043895
2012,"n_instar_7_imm","gulf",57842.8460132939,56951645.2882936,438597677.801968,321,70782144.3492669,21455577.2445612,37885003.9766477,121116740.293585,-286.303823920244,1753.7762672667,7945.60858555597
2012,"n_instar_8_imm","gulf",57842.8460132939,100581598.644892,308840445.182222,321,108643435.006344,14530581.0640267,82949408.0647991,139795676.557101,-198.086552114924,2278.10807451318,5137.33595693481
2012,"n_instar_9_imm","gulf",57842.8460132939,14732340.2181569,92913227.3866296,321,17929818.1552491,4618198.15263158,10565595.9393075,28533888.410404,-66.429720082947,461.65188674869,1677.67732165193
2012,"n_instar_10_imm","gulf",57842.8460132939,92000.154200549,762386.715378743,321,114184.985346521,37815.4971426403,57598.7837816605,203989.354508366,-0.505139179513389,2.79179491042114,13.8677549997873
2012,"n_instar_8_pub","gulf",57842.8460132939,29847925.2890223,111007213.442466,321,31928233.565565,3838563.64191359,25066295.189475,40089189.8484785,-29.7679189512553,632.15069782551,1923.34762030799
2012,"n_instar_9_pub","gulf",57842.8460132939,90657409.8808473,199752013.648611,321,91465349.0802542,11445287.6663706,71085871.399418,115873025.411356,-22.5782325208543,1735.06378943365,3167.27070594018
2012,"n_instar_10_pub","gulf",57842.8460132939,37488170.0305816,161732786.630998,321,35300864.6364716,9591297.20963059,20190735.331159,57475978.7879614,33.3116445823185,889.486194106384,2717.06919330742
2012,"n_instar_9_mat","gulf",57842.8460132939,28781595.3202983,129024073.99886,321,28818217.3391364,NA,NA,NA,-15.5909714875213,628.098289647759,2119.26219182735
2012,"n_instar_10_mat","gulf",57842.8460132939,49742408.4830061,164396647.023284,321,47967805.3749639,NA,NA,NA,-19.52187438418,1068.201446652,2753.67683090429
2012,"n_instar_11_mat","gulf",57842.8460132939,46090228.3521043,174937915.032367,321,43891780.1403681,8794672.41756486,29171205.4378039,63491637.4287786,70.4032929637436,1167.96133214285,2937.46064833684
2013,"n_instar_4_imm","gulf",57842.8460132939,248590.7334949,819064.974095612,352,262433.949980964,36679.0502191216,197890.956585216,341359.723714534,-0.111959312401938,5.53730665741984,13.7132839364331
2013,"n_instar_5_imm","gulf",57842.8460132939,4925537.27680256,24743411.8373735,352,5530110.52605836,1285718.84828889,3435593.25948484,8445068.88246812,-13.2403009776972,142.379860429687,436.611962181751
2013,"n_instar_6_imm","gulf",57842.8460132939,18238075.2114685,62752323.880519,352,19521305.7809995,3219545.31705891,13971337.3555881,26553677.3273646,-18.1554293843856,463.757927667874,1096.47537332069
2013,"n_instar_7_imm","gulf",57842.8460132939,32086924.0510372,139036213.003814,352,32221682.9988897,7288696.72227429,20284452.9938902,48692354.1247391,11.4963922040341,772.503141913459,2404.35539554476
2013,"n_instar_8_imm","gulf",57842.8460132939,39644736.0898804,109955099.780407,352,40270341.6606406,6284190.57895187,29358162.0617698,53925316.3355373,-15.2487156915599,883.144168463143,1909.1765813587
2013,"n_instar_9_imm","gulf",57842.8460132939,14268094.3131563,78777105.8558635,352,12205739.4341407,2974926.22445086,7405493.10614397,18989438.3913655,30.3546964175108,349.768082643926,1268.01830410236
2013,"n_instar_10_imm","gulf",57842.8460132939,172749.824743347,1673975.18205623,352,162369.958325208,88216.4851925618,52654.9435808569,386582.153125497,0.0356595701746422,5.07482778184745,29.5927093911768
2013,"n_instar_8_pub","gulf",57842.8460132939,11769199.323621,44141695.3682704,352,11886767.9166333,2203035.78727211,8152723.68149319,16755511.7609384,-4.72424494217644,271.786663815669,782.936976540364
2013,"n_instar_9_pub","gulf",57842.8460132939,51495385.0931036,130167186.661752,352,51893282.0614449,6091308.16987803,40979436.4115931,64820632.1649055,-27.8839746143525,1099.43699140201,2182.10960154257
2013,"n_instar_10_pub","gulf",57842.8460132939,24210312.8437755,83581318.771382,352,23459320.4220545,3390835.36720529,17515694.0837398,30776813.3222915,2.4789397633801,495.304256331983,1256.40943404391
2013,"n_instar_9_mat","gulf",57842.8460132939,14813786.5137971,68266927.159452,352,14659866.7958164,3118056.65182313,9494590.69626647,21655509.8661178,-8.6893396604348,333.543235635496,1150.31466728651
2013,"n_instar_10_mat","gulf",57842.8460132939,69364520.2267091,262143554.872574,352,72445791.5378414,10600294.5792664,53891971.9322185,95345959.2950021,-88.2090074264704,1685.25518521878,4547.9242786162
2013,"n_instar_11_mat","gulf",57842.8460132939,37905133.6473401,174174362.909185,352,36357203.3423195,8035732.41946328,23138667.7508365,54466435.3370548,24.698968705832,924.10447771415,2941.85177765506
2014,"n_instar_4_imm","gulf",57842.8460132939,319834.368845353,885583.080271591,353,313021.502108401,43117.7172935728,237024.265340358,405688.176526171,-0.00335444624285484,6.34452743605984,13.659856968517
2014,"n_instar_5_imm","gulf",57842.8460132939,8109980.59687687,62818712.4912548,353,7822301.45846565,3288116.85464617,3270773.7069579,15898440.3747969,-2.99037739802637,231.68366691727,1087.96437101118
2014,"n_instar_6_imm","gulf",57842.8460132939,44571898.5976115,267930687.759254,353,49413507.9544562,12299902.5102144,29654363.9951616,77534424.435866,-2.64294392586232,1117.0814209848,4650.87539442321
2014,"n_instar_7_imm","gulf",57842.8460132939,68723427.8700788,251514053.716372,353,76603088.6380723,9435262.58448524,59776146.8545102,96699766.0268006,20.11897977242,1559.24922711854,4146.93486931867
2014,"n_instar_8_imm","gulf",57842.8460132939,36205533.7830554,108179263.800269,353,35768312.3260008,4802975.00604706,27279015.4255463,46068824.8457603,6.7308482045242,825.141968206948,1886.42079068853
2014,"n_instar_9_imm","gulf",57842.8460132939,10183303.6592526,42514275.0250172,353,10268994.0439326,1692096.52961388,7351742.79600985,13964679.658532,-4.30837183899224,260.539247609702,715.866912454074
2014,"n_instar_10_imm","gulf",57842.8460132939,248846.47770503,2029080.53706361,353,264783.141947334,88557.7808059065,132644.738620046,475379.808951775,-0.428703015118336,7.81838886176925,36.8725032746721
2014,"n_instar_8_pub","gulf",57842.8460132939,6800953.27547732,26475998.5233828,353,6957263.84378882,1156248.62681666,4966162.08421878,9484696.96785934,-4.01543498473541,147.890465444231,471.671082015306
2014,"n_instar_9_pub","gulf",57842.8460132939,33950564.3569919,80803373.483158,353,34494597.1482178,3227906.92934598,28600813.10284,41241774.9207419,-9.42961845614231,725.261970919768,1421.18244525587
2014,"n_instar_10_pub","gulf",57842.8460132939,25041790.8284459,86413166.9632726,353,22838098.3952098,2721062.12710419,17969632.594748,28619293.8484306,17.0733507897974,446.955927284988,1060.74580806611
2014,"n_instar_9_mat","gulf",57842.8460132939,10691772.3305819,56788402.4736097,353,10619042.2126281,2766278.76095987,6218964.72461309,16980005.082915,-2.118535716068,226.781810829749,985.546715459812
2014,"n_instar_10_mat","gulf",57842.8460132939,52705888.1381062,162502534.030965,353,52370312.0782018,7675542.90246282,38938374.4297829,68954458.5960927,-40.4500560407437,1135.64037384535,2628.05010755583
2014,"n_instar_11_mat","gulf",57842.8460132939,28074796.0109861,120600745.767022,353,26967453.3648603,6344083.03154567,16656695.074828,41371156.1713609,11.9749583128842,721.095718899783,2119.90265844484
2015,"n_instar_4_imm","gulf",57842.8460132939,1160261.85503588,15296782.9489643,352,1256555.76013297,649705.275334721,429946.777888154,2897707.66253539,0.628401478556626,33.9479779550108,277.945020360706
2015,"n_instar_5_imm","gulf",57842.8460132939,9173613.68237995,45471777.4879364,352,9458298.54373368,2161841.71762091,5924767.16609565,14349574.3397077,-15.9855825072821,253.394685085111,818.096824347332
2015,"n_instar_6_imm","gulf",57842.8460132939,45248717.8928559,153630005.283216,352,42927684.5844733,NA,NA,NA,30.6937307488486,1055.52190057676,2535.07656098227
2015,"n_instar_7_imm","gulf",57842.8460132939,89191068.4009384,376165907.322098,352,87090636.8208642,16380269.0994731,59390283.1092682,123347335.026935,46.9316371046408,1958.69632896757,6321.67646058469
2015,"n_instar_8_imm","gulf",57842.8460132939,52898206.0753253,123071345.381002,352,54978458.029299,6679210.63920848,43050579.4481178,69189959.6431845,-4.64891814356459,1097.10675249977,2055.41937326767
2015,"n_instar_9_imm","gulf",57842.8460132939,12145054.6846437,72528785.7326789,352,13918096.4113899,2505567.66071358,9652483.78962032,19438789.9854377,1.59415132976761,309.293187374805,1227.86316174651
2015,"n_instar_10_imm","gulf",57842.8460132939,264295.322621907,1768011.49531616,352,267491.730540544,101061.965372068,122294.472367985,511994.541889918,-0.0857703705240886,7.46975154592915,31.1389175810422
2015,"n_instar_8_pub","gulf",57842.8460132939,12933166.8944362,37011661.0057285,352,13385765.4484095,1592874.45750692,10535490.5550136,16769688.4711941,-0.76457650300352,273.47817297876,652.75708809371
2015,"n_instar_9_pub","gulf",57842.8460132939,47243076.8675386,164387184.77161,352,52274245.1189846,4252481.05472182,44434966.4144391,61092248.1175956,40.257050659227,1064.40421069407,3027.64368768417
2015,"n_instar_10_pub","gulf",57842.8460132939,35266810.035894,122110774.53328,352,32962138.1228246,4326180.81277017,25296808.9295185,42222860.8930018,40.3188836120694,751.715319990809,1824.521048651
2015,"n_instar_9_mat","gulf",57842.8460132939,8898075.61807732,32510846.494276,352,8901917.60743118,1863653.00493792,5805958.21070677,13075665.9704994,0.580923052633732,199.813473710831,555.282361840297
2015,"n_instar_10_mat","gulf",57842.8460132939,45924079.1193443,142657461.394533,352,47562698.4293751,6687028.2595972,35803659.7017953,61959048.6949615,3.75234051925013,1080.15729826687,2487.94089300887
2015,"n_instar_11_mat","gulf",57842.8460132939,36738435.0055294,147050161.582665,352,34226532.2885596,6592427.90815254,23120234.4445044,48855476.3381934,60.5223579688194,926.672754745652,2521.75436170891
2016,"n_instar_4_imm","gulf",57842.8460132939,308034.346274822,771530.637775487,354,301507.10506949,35875.4066024257,237311.432334129,377720.77048885,0.0365963847216266,6.32531521606079,13.0652748755833
2016,"n_instar_5_imm","gulf",57842.8460132939,3675088.2437288,16628209.0216299,354,3721744.07324865,909048.598423202,2255584.07785828,5795188.48269636,-4.70318930077467,91.8010226169421,291.14621179681
2016,"n_instar_6_imm","gulf",57842.8460132939,32609842.5960172,96584834.9017991,354,32289681.5609152,5053665.60078326,23517555.2711179,43273828.085595,0.164569919367121,755.20814704929,1630.76159309046
2016,"n_instar_7_imm","gulf",57842.8460132939,87306768.3553094,402945013.032559,354,83008640.7173074,19610819.5913544,51163133.1823903,127556314.878685,35.9793604976047,2113.57451894234,6991.14565698399
2016,"n_instar_8_imm","gulf",57842.8460132939,74973666.2021863,248916214.836034,354,75514830.3369961,9824771.44704678,58090770.9852908,96531171.3802339,-7.77024257655816,1748.87252937846,4396.72384950494
2016,"n_instar_9_imm","gulf",57842.8460132939,10235769.5861088,47945640.7471385,354,10471236.9463268,2129318.54782829,6916057.24472301,15224403.4676091,-2.38374955072511,287.75160886967,846.263026814241
2016,"n_instar_10_imm","gulf",57842.8460132939,234383.864347675,2394523.81233153,354,286662.805128853,118181.899304646,121910.081361343,576142.933551015,-1.56339279871324,8.71287807939612,43.6708795600896
2016,"n_instar_8_pub","gulf",57842.8460132939,29928542.5056512,99626841.5199455,354,32338924.4856806,4160546.71253032,24951637.0579612,41230871.4412952,-8.31010398353804,620.166994798072,1688.56832818348
2016,"n_instar_9_pub","gulf",57842.8460132939,75963052.8915046,218404426.03148,354,79640322.8886811,9370502.87714733,62854864.3746535,99530462.0388664,10.6443653572753,1584.00596197271,3766.266043633
2016,"n_instar_10_pub","gulf",57842.8460132939,37200319.0371701,149472985.179604,354,32103294.8443771,4636440.13406636,23975525.9045512,42108113.8614618,42.2529711336628,705.036092090962,2135.22985852656
2016,"n_instar_9_mat","gulf",57842.8460132939,20163612.6114782,76578028.9050248,354,21403207.9593985,3066828.17913395,16022034.2420829,28016486.0438898,-7.45804203065767,431.412294553339,1193.14940741327
2016,"n_instar_10_mat","gulf",57842.8460132939,54703745.5713791,144419732.272803,354,57106168.5323033,5591771.44228122,46931126.0930728,68827317.7792148,10.6876854426514,1138.85665990715,2229.15817457775
2016,"n_instar_11_mat","gulf",57842.8460132939,27532951.6692874,105759786.373512,354,26882058.1794064,3695107.54056091,20367703.2023803,34822013.0485459,12.719388693932,525.280978199546,1424.85316068455
2017,"n_instar_4_imm","gulf",57842.8460132939,255557.361290374,581590.551132392,353,247147.179562787,25874.7661431646,200316.061597369,301620.764117141,0.0899405026352862,4.88426574401348,9.61651753539407
2017,"n_instar_5_imm","gulf",57842.8460132939,2173817.31462254,10849414.0708024,353,2238103.4647415,707181.388331396,1165819.20566821,3906608.56392191,-1.73962761100574,53.8597904120023,189.165297185393
2017,"n_instar_6_imm","gulf",57842.8460132939,24074918.7163167,76068920.4649518,353,23935008.5037694,4727880.38783804,16002601.2366208,34455097.885726,1.10367656235573,516.460964029139,1268.22151476368
2017,"n_instar_7_imm","gulf",57842.8460132939,99042223.889635,401759571.535296,353,90352540.7415852,19883451.8315714,57618421.3810751,135138931.946018,137.299697446096,2371.22037737036,6831.99615568399
2017,"n_instar_8_imm","gulf",57842.8460132939,70328252.7947314,183721859.817244,353,69738857.1805895,7247184.26986539,56614008.3535366,84988641.3262051,35.2906457485365,1394.11567762156,3019.21657730679
2017,"n_instar_9_imm","gulf",57842.8460132939,5365994.62524506,25591250.1005072,353,4876631.56007187,825831.661147181,3458211.33713754,6685117.83222385,2.09637915465719,135.19098990297,423.155986412395
2017,"n_instar_10_imm","gulf",57842.8460132939,77753.1526352994,395429.026500212,353,93493.4773617232,12098.1278805584,72025.4865818266,119361.582536613,-0.00852632464338712,1.76225361681593,7.01035824522613
2017,"n_instar_8_pub","gulf",57842.8460132939,30966008.2853679,92172563.2785639,353,32643210.694186,3633259.2913619,26101787.1908423,40324448.0347469,-13.7651342333087,610.945503191455,1429.80129682969
2017,"n_instar_9_pub","gulf",57842.8460132939,83452316.6511993,236872755.859391,353,88170042.2585469,7767483.90458744,73926333.6275804,104348299.350156,-0.0154292816619195,1851.59224436346,4346.37746429244
2017,"n_instar_10_pub","gulf",57842.8460132939,35175509.7568142,144472871.702645,353,34062120.4786217,5194471.27462724,25015929.7794055,45325469.8021655,4.59388065506903,744.629403780607,2336.26591362476
2017,"n_instar_9_mat","gulf",57842.8460132939,28719315.0533009,137370716.597125,353,33971640.0288986,5831827.11477708,23974290.8348646,46759910.7380887,14.2907506779993,633.81795535644,2334.41056399109
2017,"n_instar_10_mat","gulf",57842.8460132939,59852382.8844089,220311581.651449,353,62353127.099383,10120592.9448325,44869318.7227926,84425511.8510053,48.4554816324135,1351.22000716711,3814.97131563312
2017,"n_instar_11_mat","gulf",57842.8460132939,20278078.6610142,88733256.2955648,353,20006409.5169882,4060389.89899154,13224804.2703956,29068247.8382688,-2.68297709997163,460.417770006783,1445.19358463
2018,"n_instar_4_imm","gulf",57842.8460132939,404596.464516964,1002117.90871337,353,415827.276457391,44557.2441745914,335339.811769323,509779.950016717,-0.217108099497767,7.68896381057008,15.8989626995133
2018,"n_instar_5_imm","gulf",57842.8460132939,12336804.7689395,58795498.4521425,353,12584853.6648308,2660071.14226975,8173352.03635419,18548715.4278686,-8.9478057262474,320.923806862315,1031.74344826863
2018,"n_instar_6_imm","gulf",57842.8460132939,37714434.6805355,157485328.020866,353,40681599.0635332,7568298.93221278,27861175.5490708,57414284.650264,-13.1283535416656,832.077700625152,2594.92095637329
2018,"n_instar_7_imm","gulf",57842.8460132939,90769862.1630064,277470072.93351,353,90571001.0374558,16261426.6012617,62875673.7949314,126391174.842378,18.2457460060516,2074.76261439227,4633.59909013942
2018,"n_instar_8_imm","gulf",57842.8460132939,115310977.33607,366730287.180082,353,115881300.773896,12605045.0156896,93141110.4854111,142487529.147811,-54.6010171557703,2255.50357424383,4981.93545567377
2018,"n_instar_9_imm","gulf",57842.8460132939,5380047.44124758,16923781.5063736,353,5588892.68685733,700201.425318839,4342266.52464846,7082249.76371289,-2.33912499013677,113.103094444619,256.564739548643
2018,"n_instar_10_imm","gulf",57842.8460132939,87304.6112131246,198268.493465922,353,89494.1581826946,8715.47669034812,73628.4065434057,107756.758861504,-0.0420138438941701,1.59982720697826,3.1128996688674
2018,"n_instar_8_pub","gulf",57842.8460132939,25092819.6710334,80029233.2345516,353,26002495.757252,3597587.76079263,19664687.6880653,33737136.1325192,-19.5086320795954,540.672611074435,1345.11729644139
2018,"n_instar_9_pub","gulf",57842.8460132939,70259939.199583,123351609.073925,353,73576722.5775878,5120587.58262527,64050602.3290896,84112246.8553282,-25.4165276967282,1185.80978302579,1949.51873099666
2018,"n_instar_10_pub","gulf",57842.8460132939,20411880.5236707,71857225.3372487,353,21734474.8888349,2943997.73986846,16535871.7677874,28052735.1327477,-12.050592220202,421.487406874772,1044.718277195
2018,"n_instar_9_mat","gulf",57842.8460132939,54815683.01371,178781989.359299,353,59676192.527953,7034311.54445322,47077734.9930272,74609462.6824135,-8.33020110214156,1118.80356156083,2840.59068258766
2018,"n_instar_10_mat","gulf",57842.8460132939,108282790.792378,206455176.804803,353,107989899.669113,11929700.7292542,86497089.7221193,133197736.207097,6.99027860968477,2091.93183666566,3409.67739017559
2018,"n_instar_11_mat","gulf",57842.8460132939,29337973.1261441,96198433.9376138,353,28824083.2689513,4207766.23732348,21457143.4220394,37912405.125505,33.0381071440549,669.216523778743,1646.38181253562
2019,"n_instar_4_imm","gulf",57842.8460132939,598434.032551738,1371390.99619854,352,589992.632462856,58126.6457518043,484273.016255668,711881.660961887,0.0598660907562849,10.9815877956256,23.1111584364839
2019,"n_instar_5_imm","gulf",57842.8460132939,26148322.2351586,110867945.41782,352,29481602.3856758,4549170.67233782,21570900.5663998,39356317.7086853,4.2193171680839,697.798799832073,2033.97779307062
2019,"n_instar_6_imm","gulf",57842.8460132939,95706617.0970726,353708302.716137,352,95339550.5721054,15309090.9999552,68854588.9278157,128693713.244965,-70.0752281587555,2098.98852392531,6215.62533102826
2019,"n_instar_7_imm","gulf",57842.8460132939,102233484.503909,346486265.465414,352,100742171.853601,16419824.4266421,72391945.6690693,136567008.966459,12.2189048264882,2285.81537957947,5835.82507824127
2019,"n_instar_8_imm","gulf",57842.8460132939,94972308.4542571,237227349.00484,352,93174890.6513342,10568885.7235791,74178644.5186593,115549130.173013,22.1282182127144,1855.93217570539,4024.8797622475
2019,"n_instar_9_imm","gulf",57842.8460132939,10344703.0429297,56422245.7947469,352,9200028.75548238,1864700.4447689,6084926.63705323,13360987.2910042,7.98637147731146,258.373600794546,1004.73233598988
2019,"n_instar_10_imm","gulf",57842.8460132939,251978.90194206,1889982.07522438,352,227381.490565548,57143.813224271,135770.494683881,358184.687241322,0.371622723431168,6.20969857804832,34.016679212568
2019,"n_instar_8_pub","gulf",57842.8460132939,37313083.7125636,115968944.117774,352,36857093.259684,5166927.71573705,27768133.7484374,47978115.9407071,0.0796241939987852,648.799534998253,1769.24437559439
2019,"n_instar_9_pub","gulf",57842.8460132939,120414717.966443,262939505.360709,352,120618023.555641,11384195.7213715,99844971.1387839,144426422.410074,-14.0950403824465,2118.49197693664,4048.93569417668
2019,"n_instar_10_pub","gulf",57842.8460132939,23385444.7361953,151563556.758452,352,20441710.7019125,4511562.55069807,13018332.9861146,30607201.8123549,23.945427642259,541.403691777257,2685.25692553899
2019,"n_instar_9_mat","gulf",57842.8460132939,39162729.7787255,147758975.969667,352,44757603.9158059,5000047.19857166,35758330.9177645,55331184.2455666,-31.5898061231769,758.944227841121,2145.47886550989
2019,"n_instar_10_mat","gulf",57842.8460132939,129896029.869843,289265361.523941,352,131098174.64655,14127520.1071892,105590821.664009,160898792.785207,77.8191808697596,2624.19379744223,4714.64320135801
2019,"n_instar_11_mat","gulf",57842.8460132939,26208276.9670663,128951777.27686,352,24641052.7842871,5998779.58695844,14959260.4462739,38318038.3923133,6.40206764356337,634.475673679532,2204.4049745362
2020,"n_instar_4_imm","gulf",57842.8460132939,864346.218317364,6291814.69976206,353,859364.308395006,300819.362394673,416565.349751707,1579326.56951365,1.21921294912112,19.3882701496788,109.59616496098
2020,"n_instar_5_imm","gulf",57842.8460132939,14647338.297202,93000835.3701739,353,16366104.1804241,2906095.88512724,11408529.3991382,22760349.7947214,18.3316732614419,399.437118844084,1648.9039701115
2020,"n_instar_6_imm","gulf",57842.8460132939,88320328.3869523,325339969.014909,353,94362309.1751402,15669755.549944,67375456.7136262,128612017.726929,40.950679652504,1962.09183933574,5699.95383294157
2020,"n_instar_7_imm","gulf",57842.8460132939,197813446.833878,637292526.490934,353,186224808.512684,35848737.1763768,125824749.448084,265770201.520898,39.3787430104667,4457.96503366249,10953.1573522295
2020,"n_instar_8_imm","gulf",57842.8460132939,72919187.5871396,213331021.724464,353,73399909.8622202,9365263.02335846,56757112.0501404,93402278.9808068,13.253300580382,1430.93583965699,3431.54408329593
2020,"n_instar_9_imm","gulf",57842.8460132939,8214748.74203745,44214034.7412826,353,7977097.12572477,1308443.38019231,5719883.92015844,10833595.4404207,11.4322931019042,220.036248652716,788.528855720761
2020,"n_instar_10_imm","gulf",57842.8460132939,273432.823032929,1864256.01668293,353,296384.527731611,79799.9032692525,170402.117214638,480664.187791507,-0.186784334769238,7.18121453012429,33.5806298539255
2020,"n_instar_8_pub","gulf",57842.8460132939,35387665.4270129,111584349.159355,353,34809311.3006113,4615383.31655078,26640430.5899569,44697265.9160625,-1.01902296784457,652.95389751261,1736.81966711292
2020,"n_instar_9_pub","gulf",57842.8460132939,82729728.2486224,161943288.117686,353,82482645.9330685,6912173.30498977,69764696.5043687,96838978.3147669,-18.1217470330024,1333.92038592526,2475.81337045436
2020,"n_instar_10_pub","gulf",57842.8460132939,17210351.6280056,64364651.3738378,353,15790975.6896655,2814324.64743629,10992564.384818,21985618.4596436,19.6416707728631,392.373994543201,1129.37748938832
2020,"n_instar_9_mat","gulf",57842.8460132939,24433104.3996449,90538813.0132973,353,24260099.020189,4246929.08660065,17000088.5221712,33591136.5636288,-10.2515652918096,557.116266300537,1629.05466593931
2020,"n_instar_10_mat","gulf",57842.8460132939,99071844.8278954,240819751.295537,353,98160212.8146083,8925932.64597297,81828565.6961432,116785726.437985,-30.3933520746831,1886.96195132876,3581.99795649194
2020,"n_instar_11_mat","gulf",57842.8460132939,18994551.3778745,77128281.3608456,353,18000838.8943444,NA,NA,NA,7.11859748631159,459.370899012434,1341.37907862676
2021,"n_instar_4_imm","gulf",57842.8460132939,354578.986523765,801694.852322384,350,358472.882502102,36823.511068783,291721.270908572,435898.949104381,-0.105821363789612,7.02358998574915,13.0947568217591
2021,"n_instar_5_imm","gulf",57842.8460132939,2457445.05140255,9171315.64365952,350,2642984.38957062,418536.530886526,1917590.6860147,3553667.14587751,-1.75448801907693,62.7599799198343,166.248480764292
2021,"n_instar_6_imm","gulf",57842.8460132939,27198799.3845454,128528537.496685,350,33351735.7271136,4334925.76503509,25663027.9854408,42623921.1443145,-25.7949788737908,678.459490803691,2395.14559636068
2021,"n_instar_7_imm","gulf",57842.8460132939,122180462.758438,413108180.165448,350,123609051.891495,16455835.7100404,94496116.574801,158875512.158392,-112.141692907795,2617.29933570348,6269.59787311685
2021,"n_instar_8_imm","gulf",57842.8460132939,137712113.856262,962584931.465749,350,170705486.640497,NA,NA,NA,-363.711674256349,3797.7639849885,17413.4060335771
2021,"n_instar_9_imm","gulf",57842.8460132939,22454783.4364482,149445279.892647,350,21219921.0910696,5236147.84969083,12792797.0780782,33178154.0397581,14.3103531970572,580.007448521017,2420.14589139397
2021,"n_instar_10_imm","gulf",57842.8460132939,329208.571608222,3595845.21012174,350,451734.915556293,170712.502791152,206489.128277451,864759.827144492,-1.5113412596583,10.7010260902777,64.6107751940448
2021,"n_instar_8_pub","gulf",57842.8460132939,199162942.830338,556315462.413455,350,189749389.226593,NA,NA,NA,-96.3078627423533,2857.31955094078,6868.08425133127
2021,"n_instar_9_pub","gulf",57842.8460132939,108715425.828254,328790831.183971,350,107675555.970712,14616762.468548,81870991.0416843,139050978.526463,-35.9696344462239,2015.52490681175,5220.79704880233
2021,"n_instar_10_pub","gulf",57842.8460132939,32355965.5774516,142513425.566282,350,29833151.7594103,5619208.15001259,20332767.6574809,42272812.7575094,47.6218853280056,689.949585355221,2292.58497918875
2021,"n_instar_9_mat","gulf",57842.8460132939,35935865.6391126,140905740.641261,350,34290652.7957746,6712180.36976345,23012161.3774151,49211285.7607512,-16.6652667824914,699.460990473062,2314.7973207373
2021,"n_instar_10_mat","gulf",57842.8460132939,69546316.265722,168783391.367604,350,68525023.3574038,7686273.07184424,54695981.2901815,84783817.5416674,-27.3990390560454,1230.03841190652,2722.12818436471
2021,"n_instar_11_mat","gulf",57842.8460132939,20374297.9059872,143956736.182861,350,19721898.0225273,7573047.07384233,8900202.60379476,38085868.8585702,6.44909063055883,494.002309641381,2528.133175165
2022,"n_instar_4_imm","gulf",57842.8460132939,264480.095833587,595457.748110991,343,263742.067885516,24918.9851160835,218275.303952351,315859.904830438,-0.0499895581260668,4.70546482884163,9.47300258296812
2022,"n_instar_5_imm","gulf",57842.8460132939,1960326.20709249,6540733.69268977,343,1961710.23362387,289505.430559861,1455504.78643732,2587610.95754962,-1.19786366968827,44.1590649065147,109.965056735251
2022,"n_instar_6_imm","gulf",57842.8460132939,11343632.3036489,35821466.1042612,343,11771718.0905048,1371097.29722088,9313327.6265712,14679887.3895308,2.90895331052572,243.088740260064,629.552743399685
2022,"n_instar_7_imm","gulf",57842.8460132939,74844309.8641673,233281655.446237,343,74724881.9287756,NA,NA,NA,-64.4733858251814,1526.14890213191,3738.93894054828
2022,"n_instar_8_imm","gulf",57842.8460132939,97584033.168346,259402112.64984,343,97129105.4877199,11696038.2066713,76224126.2441647,121998395.253315,-4.16486218726089,2072.96542928459,4546.63948061699
2022,"n_instar_9_imm","gulf",57842.8460132939,13794894.9421519,86530411.6065103,343,11066917.3943746,3417060.17917798,5853196.77613002,19103515.1036325,36.5595128437158,369.782143935402,1491.53954577224
2022,"n_instar_10_imm","gulf",57842.8460132939,175366.167126381,1788507.24457684,343,158895.563328745,81446.3975589061,54869.6307282467,364400.371107638,0.314145650747546,4.7967411171042,31.6295363563357
2022,"n_instar_8_pub","gulf",57842.8460132939,105638017.177941,384833284.121508,343,117416984.828266,14233717.6426666,91992717.1291221,147697384.523577,3.98985961115887,1886.52675739253,6438.78212790344
2022,"n_instar_9_pub","gulf",57842.8460132939,91791959.5037856,227287841.237471,343,94734432.7543748,9219426.52861557,77950393.1805861,114052181.340829,-38.6339251497478,1593.43688498202,3462.34990016133
2022,"n_instar_10_pub","gulf",57842.8460132939,35198602.6614549,129603814.987817,343,29779952.946878,5125504.17594127,20996666.1300164,41022256.6927608,87.606078058698,720.246530032369,1994.76911609196
2022,"n_instar_9_mat","gulf",57842.8460132939,85868557.997437,290626912.294296,343,81759838.7789657,NA,NA,NA,-7.26678721926657,1516.95280048867,4226.78195116517
2022,"n_instar_10_mat","gulf",57842.8460132939,41453600.6021854,151516948.017453,343,42804570.3231505,6985515.55791342,30745535.7767567,58047442.1752651,-35.9906874125106,870.096981649881,2522.14297076643
2022,"n_instar_11_mat","gulf",57842.8460132939,13621368.0209676,88329048.0014381,343,15658967.4866364,3353349.92484894,10110719.7701471,23188397.1241693,28.5046031444361,316.850529312182,1479.47612615202
